,City,Lat,Lng,Max Temp,Humidity,Cloudiness,Wind Speed,Country,Date
0,nantucket,41.2835,-70.0995,24.8,68,1,3.44,US,1611624863
1,leh,34.1667,77.5833,-0.56,64,53,1.21,IN,1611624782
2,waddan,29.1614,16.139,57.92,37,96,4.65,LY,1611625030
3,benito juarez,19.385,-99.165,66.2,42,75,14.97,MX,1611625030
4,nioro,13.35,-15.75,67.19,26,0,0.51,GM,1611624938
5,hofn,64.2539,-15.2082,24.3,89,100,17.78,IS,1611624765
6,fukue,32.6881,128.8419,59.0,94,75,21.85,JP,1611624815
7,vetluzhskiy,58.3902,45.4654,28.63,98,100,6.24,RU,1611625031
8,faanui,-16.4833,-151.75,81.43,75,100,19.98,PF,1611625017
9,bathsheba,13.2167,-59.5167,78.8,69,20,16.11,BB,1611625031
10,vardo,70.3705,31.1107,28.09,97,100,25.75,NO,1611624982
11,torbay,47.6666,-52.7314,28.99,93,90,10.36,CA,1611625031
12,rikitea,-23.1203,-134.9692,79.83,70,1,12.73,PF,1611624932
13,khatanga,71.9667,102.5,-19.37,88,100,8.16,RU,1611625031
14,lamar,33.6668,-95.5836,53.6,71,1,5.75,US,1611625032
15,jiuquan,39.7432,98.5174,17.47,85,75,4.12,CN,1611625032
16,hilo,19.7297,-155.09,77.0,73,90,11.5,US,1611624803
17,mataura,-46.1927,168.8643,82.99,44,100,21.0,NZ,1611625019
18,kenai,60.5544,-151.2583,26.6,86,1,9.22,US,1611624793
19,fare,-16.7,-151.0167,80.85,76,100,17.87,PF,1611625032
20,puerto ayora,-0.7393,-90.3518,77.0,94,44,5.01,EC,1611625032
21,marihatag,8.7936,126.2969,81.88,76,56,8.46,PH,1611625032
22,bluff,-46.6,168.3333,82.99,44,100,21.0,NZ,1611624931
23,dikson,73.5069,80.5464,-25.17,85,100,12.01,RU,1611624745
24,albany,42.6001,-73.9662,25.0,61,100,1.43,US,1611624925
25,odweyne,9.4092,45.064,62.17,28,0,9.93,SO,1611625033
26,san cristobal,7.7669,-72.225,63.99,87,69,1.3,VE,1611624791
27,hermanus,-34.4187,19.2345,60.01,91,18,6.46,ZA,1611625031
28,new norfolk,-42.7826,147.0587,70.0,59,65,5.99,AU,1611625033
29,tabuk,17.4189,121.4443,75.58,86,94,5.46,PH,1611625033
30,klaksvik,62.2266,-6.589,28.4,80,75,10.36,FO,1611624824
31,comodoro rivadavia,-45.8667,-67.5,62.6,29,0,21.85,AR,1611625034
32,atuona,-9.8,-139.0333,78.55,77,21,18.32,PF,1611624983
33,shache,38.4167,77.2406,16.92,90,2,0.85,CN,1611625034
34,coihaique,-45.5752,-72.0662,48.2,66,75,6.91,CL,1611625034
35,sambava,-14.2667,50.1667,76.46,88,14,3.0,MG,1611624744
36,balkanabat,39.5108,54.3671,39.31,63,0,14.29,TM,1611624790
37,adrar,20.5022,-10.0711,65.23,22,0,8.95,MR,1611624767
38,hasaki,35.7333,140.8333,48.2,76,75,9.22,JP,1611625034
39,kwidzyn,53.7249,18.9311,34.0,90,100,7.0,PL,1611625034
40,linjiang,41.8069,126.9078,34.36,88,100,1.83,CN,1611625035
41,ushuaia,-54.8,-68.3,46.4,61,75,21.85,AR,1611624764
42,chapais,49.7834,-74.8492,-5.8,84,1,2.26,CA,1611625035
43,punta arenas,-53.15,-70.9167,44.6,57,0,24.16,CL,1611625018
44,paita,-5.0892,-81.1144,74.19,77,100,10.56,PE,1611625035
45,povenets,62.8487,34.8262,33.8,98,100,7.36,RU,1611625035
46,mata,40.683,-7.4592,55.0,95,100,3.0,PT,1611625035
47,medvezhyegorsk,62.9167,34.4667,34.12,96,100,6.17,RU,1611625035
48,guajara,-2.9667,-57.6667,74.61,96,100,0.58,BR,1611625035
49,paamiut,61.994,-49.6678,22.26,82,100,11.03,GL,1611624999
50,hobart,-42.8794,147.3294,71.6,40,75,14.97,AU,1611624825
51,kaitangata,-46.2817,169.8464,78.37,41,100,15.93,NZ,1611624993
52,nome,64.5011,-165.4064,3.2,85,90,3.44,US,1611625036
53,muros,42.7762,-9.0603,57.99,94,100,9.98,ES,1611625036
54,avarua,-21.2078,-159.775,86.0,70,40,12.66,CK,1611624921
55,maragogi,-9.0122,-35.2225,77.18,84,89,9.64,BR,1611624979
56,sao filipe,14.8961,-24.4956,72.41,68,5,4.81,CV,1611625036
57,mount gambier,-37.8333,140.7667,69.8,56,75,14.97,AU,1611625036
58,beloha,-25.1667,45.05,72.88,88,80,8.41,MG,1611624980
59,busselton,-33.65,115.3333,75.0,51,28,3.51,AU,1611625028
60,keningau,5.3378,116.1602,82.4,78,20,2.3,MY,1611624936
61,lubao,14.9167,120.55,80.6,94,75,2.3,PH,1611625037
62,hambantota,6.1241,81.1185,69.8,100,40,9.22,LK,1611624964
63,chokurdakh,70.6333,147.9167,-41.8,78,27,3.18,RU,1611624769
64,cayenne,4.9333,-52.3333,77.0,100,90,13.82,GF,1611625037
65,ukholovo,53.7929,40.4892,30.99,85,100,14.88,RU,1611625037
66,buin,-33.7333,-70.75,73.4,49,0,11.5,CL,1611624799
67,port alfred,-33.5906,26.891,63.0,92,0,9.44,ZA,1611625021
68,laguna,38.421,-121.4238,51.8,32,1,6.91,US,1611625037
69,ouargaye,11.5033,0.0572,71.42,21,50,9.53,BF,1611625038
70,kapaa,22.0752,-159.319,75.99,88,75,20.71,US,1611624924
71,port elizabeth,-33.918,25.5701,64.4,94,0,1.14,ZA,1611625038
72,amazar,53.858,120.875,-8.64,87,100,4.81,RU,1611625038
73,jamestown,42.097,-79.2353,30.2,59,75,6.91,US,1611625038
74,galveston,29.3669,-94.9669,71.01,88,90,5.75,US,1611625038
75,komsomolskiy,40.4272,71.7189,19.4,79,33,4.61,UZ,1611624931
76,tiksi,71.6872,128.8694,-38.79,80,99,5.79,RU,1611624956
77,thompson,55.7435,-97.8558,-13.0,77,40,3.44,CA,1611624985
78,butaritari,3.0707,172.7902,79.92,76,99,6.85,KI,1611624742
79,ponta do sol,32.6667,-17.1,59.0,74,14,1.99,PT,1611624769
80,atar,20.5169,-13.0499,66.31,21,0,9.01,MR,1611625039
81,jiancheng,30.391,104.5491,43.0,79,90,4.45,CN,1611625039
82,tasiilaq,65.6145,-37.6368,8.6,52,94,14.97,GL,1611625039
83,nouadhibou,20.931,-17.0347,66.2,59,0,17.27,MR,1611625039
84,mahebourg,-20.4081,57.7,71.6,88,20,5.75,MU,1611624973
85,naze,28.3667,129.4833,64.4,94,75,11.5,JP,1611625039
86,aguimes,27.9054,-15.4461,64.4,72,75,19.57,ES,1611625039
87,castro,-24.7911,-50.0119,63.77,97,100,1.92,BR,1611625020
88,praia da vitoria,38.7333,-27.0667,64.4,94,75,18.97,PT,1611625039
89,saskylakh,71.9167,114.0833,-32.04,82,47,4.12,RU,1611625039
90,provideniya,64.3833,-173.3,5.0,72,90,20.13,RU,1611624941
91,nikolskoye,59.7035,30.7861,37.0,93,90,8.95,RU,1611625040
92,elko,41.0002,-115.5012,28.4,80,90,8.05,US,1611625040
93,kidal,18.4411,1.4078,61.95,21,38,10.8,ML,1611625040
94,norman wells,65.282,-126.8329,-11.2,77,90,4.61,CA,1611624952
95,pisco,-13.7,-76.2167,69.8,78,0,19.57,PE,1611625040
96,lasa,46.6166,10.7002,25.0,86,20,6.91,IT,1611625025
97,georgetown,5.4112,100.3354,78.8,78,20,3.44,MY,1611624849
98,predivinsk,57.0669,93.4378,-28.05,83,100,3.11,RU,1611625041
99,bengkulu,-3.8004,102.2655,74.73,87,100,7.99,ID,1611625013
100,belmonte,-15.8631,-38.8828,78.8,73,40,9.22,BR,1611624930
101,biloela,-24.4167,150.5,89.98,34,0,2.06,AU,1611625041
102,cabo san lucas,22.8909,-109.9124,64.4,63,40,13.8,MX,1611624929
103,myslenice,49.8338,19.9383,33.01,86,75,10.36,PL,1611625041
104,vaini,-21.2,-175.2,82.4,89,75,9.22,TO,1611625041
105,saint-francois,46.4154,3.9054,30.2,93,0,1.14,FR,1611625041
106,half moon bay,37.4636,-122.4286,48.2,66,20,25.32,US,1611625041
107,kuytun,54.3419,101.5036,-18.6,88,100,5.97,RU,1611625041
108,guerrero negro,27.9769,-114.0611,57.79,58,24,19.77,MX,1611624929
109,vao,-22.6667,167.4833,76.51,78,58,22.91,NC,1611625042
110,kampong cham,11.9934,105.4635,79.88,67,20,3.47,KH,1611625029
111,arraial do cabo,-22.9661,-42.0278,76.03,84,36,24.36,BR,1611624981
112,rawson,-43.3002,-65.1023,65.93,51,0,16.49,AR,1611625042
113,tabou,4.423,-7.3528,77.5,87,0,6.22,CI,1611625042
114,geraldton,-28.7667,114.6,73.02,61,57,15.39,AU,1611625042
115,hithadhoo,-0.6,73.0833,81.39,72,100,1.36,MV,1611624800
116,huilong,31.8111,121.655,48.0,99,100,4.0,CN,1611625042
117,deputatskiy,69.3,139.9,-42.39,83,28,1.77,RU,1611624968
118,eyl,7.9803,49.8164,69.57,75,21,14.27,SO,1611625042
119,bangkalan,-7.0455,112.7351,78.8,89,20,6.91,ID,1611625043
120,sosnovo,60.5514,30.2144,34.0,98,100,3.0,RU,1611625043
121,kourou,5.1552,-52.6478,77.0,100,90,11.52,GF,1611625043
122,bredasdorp,-34.5322,20.0403,62.6,94,46,4.61,ZA,1611624852
123,penzance,50.1186,-5.5371,44.6,65,40,12.66,GB,1611625043
124,galle,6.0367,80.217,73.9,87,51,3.33,LK,1611625043
125,yellowknife,62.456,-114.3525,-20.0,69,75,10.36,CA,1611624999
126,bonavista,48.6499,-53.1147,30.99,93,100,6.91,CA,1611625043
127,non sang,16.8687,102.5664,73.99,78,0,3.44,TH,1611625043
128,axim,4.8699,-2.2405,77.61,82,0,5.08,GH,1611625043
129,tuatapere,-46.1333,167.6833,82.99,44,100,21.0,NZ,1611624791
130,wawa,9.9022,4.4192,73.02,25,1,6.87,NG,1611625044
131,itarema,-2.9248,-39.9167,79.18,82,100,10.74,BR,1611624821
132,carnarvon,-24.8667,113.6333,77.0,57,40,23.02,AU,1611625044
133,gazojak,41.1875,61.4036,25.39,90,0,9.35,TM,1611625044
134,kyzyl-mazhalyk,51.1333,90.6,-10.44,81,100,0.22,RU,1611625044
135,cidreira,-30.1811,-50.2056,75.83,86,48,9.98,BR,1611625044
136,itoman,26.1247,127.6694,69.8,73,20,4.61,JP,1611624948
137,tambura,5.6,27.4667,73.67,41,41,3.51,SS,1611625044
138,omboue,-1.5746,9.2618,78.37,86,100,4.92,GA,1611625045
139,charlestown,-32.95,151.6667,98.01,33,0,11.5,AU,1611624855
140,wellington,-41.2866,174.7756,77.0,60,2,25.32,NZ,1611624893
141,asau,46.4333,26.4,36.0,69,0,8.05,RO,1611624755
142,henties bay,-22.116,14.2845,69.01,89,100,6.51,NA,1611624807
143,constitucion,-35.3333,-72.4167,57.25,67,0,15.23,CL,1611625045
144,san patricio,28.017,-97.5169,75.2,57,90,6.91,US,1611624817
145,nizwa,22.9333,57.5333,52.75,70,5,0.43,OM,1611625045
146,sao joao da barra,-21.6403,-41.0511,76.57,87,0,14.56,BR,1611624840
147,chor,25.5167,69.7667,51.39,36,0,7.02,PK,1611625045
148,barrow,71.2906,-156.7887,-5.8,84,40,12.66,US,1611625046
149,tyrma,50.0833,132.1667,5.22,92,100,8.19,RU,1611625046
150,murgab,37.4966,61.9714,26.6,86,0,2.3,TM,1611625046
151,clyde river,70.4692,-68.5914,6.8,92,1,18.41,CA,1611625018
152,zhigansk,66.7697,123.3711,-56.11,63,56,1.95,RU,1611625046
153,cap malheureux,-19.9842,57.6142,75.0,81,6,5.01,MU,1611625046
154,husavik,66.0449,-17.3389,23.0,86,90,5.75,IS,1611625046
155,maniitsoq,65.4167,-52.9,11.88,80,6,5.61,GL,1611625046
156,lebu,-37.6167,-73.65,57.16,83,0,15.41,CL,1611624767
157,la ronge,55.1001,-105.2842,-25.6,68,0,1.63,CA,1611625047
158,sale,34.0389,-6.8166,55.99,100,75,4.88,MA,1611625047
159,nuuk,64.1835,-51.7216,19.4,58,20,4.61,GL,1611625012
160,calbe,51.9,11.7667,30.99,88,88,1.99,DE,1611625047
161,zhangye,38.9342,100.4517,20.23,79,0,2.17,CN,1611625007
162,bethel,41.3712,-73.414,28.4,50,1,3.53,US,1611625047
163,west wendover,40.7391,-114.0733,30.2,86,90,8.05,US,1611625047
164,maumere,-8.6199,122.2111,83.53,65,92,1.66,ID,1611625047
165,buta,2.7858,24.73,68.04,97,96,0.98,CD,1611625047
166,tual,-5.6667,132.75,83.93,75,100,21.0,ID,1611625047
167,bambous virieux,-20.3428,57.7575,75.0,88,20,5.75,MU,1611624965
168,tuktoyaktuk,69.4541,-133.0374,-4.0,84,90,11.5,CA,1611624925
169,bosaso,11.2842,49.1816,70.0,75,43,3.51,SO,1611625048
170,mecca,21.4267,39.8261,70.92,70,25,4.74,SA,1611624810
171,colesberg,-30.72,25.0972,68.61,60,72,6.62,ZA,1611625048
172,meulaboh,4.1363,96.1285,80.55,74,40,5.14,ID,1611625048
173,dharchula,29.85,80.5333,44.76,33,0,6.51,IN,1611625048
174,neiafu,-18.65,-173.9833,75.2,94,90,8.05,TO,1611625048
175,mizdah,31.4451,12.9801,53.55,47,99,10.63,LY,1611625048
176,lyuban,52.7985,28.0048,37.96,98,100,8.81,BY,1611625048
177,souillac,-20.5167,57.5167,71.6,88,20,5.75,MU,1611624988
178,chauk,20.8833,94.8167,69.19,44,0,5.44,MM,1611625049
179,bowen,-20.0167,148.2333,86.0,62,100,12.66,AU,1611625049
180,port blair,11.6667,92.75,76.33,74,38,9.53,IN,1611625049
181,san luis,-33.295,-66.3356,80.13,31,26,6.24,AR,1611624755
182,talnakh,69.4865,88.3972,-31.45,82,100,9.78,RU,1611624751
183,kolaras,25.2333,77.6,46.31,53,0,3.38,IN,1611625049
184,klyuchi,52.2667,79.1667,-2.33,92,100,1.48,RU,1611624968
185,magistralnyy,56.1725,107.4458,-11.79,87,100,5.46,RU,1611625049
186,ambilobe,-13.2,49.05,73.83,91,68,1.12,MG,1611624790
187,maningrida,-12.0667,134.2667,85.5,68,100,8.57,AU,1611625050
188,auki,-8.7676,160.7034,85.12,62,100,7.65,SB,1611625050
189,inhambane,-23.865,35.3833,79.09,89,97,8.37,MZ,1611625050
190,finote selam,10.7,37.2667,57.0,60,0,2.53,ET,1611625050
191,namibe,-15.1961,12.1522,75.02,76,77,3.67,AO,1611624773
192,tautira,-17.7333,-149.15,87.8,55,75,5.75,PF,1611625050
193,podstepki,53.5151,49.1355,26.6,100,90,13.42,RU,1611625050
194,padang,-0.9492,100.3543,77.0,88,75,3.44,ID,1611625050
195,cape town,-33.9258,18.4232,66.99,88,20,17.27,ZA,1611624793
196,kalmunai,7.4167,81.8167,74.21,76,100,6.89,LK,1611625050
197,harper,4.375,-7.7169,77.67,86,0,5.97,LR,1611624790
198,san carlos de bariloche,-41.1456,-71.3082,53.6,54,20,19.57,AR,1611624843
199,tazovskiy,67.4667,78.7,-26.82,86,100,19.3,RU,1611625051
200,bealanana,-14.55,48.7333,64.8,92,61,1.81,MG,1611625051
201,susangerd,31.5608,48.1831,44.6,76,0,2.3,IR,1611625051
202,vadso,70.0744,29.7487,21.2,93,90,2.3,NO,1611625051
203,coelho neto,-4.2567,-43.0128,73.6,96,100,2.19,BR,1611624782
204,katsuura,35.1333,140.3,51.01,66,75,10.36,JP,1611625051
205,longyearbyen,78.2186,15.6401,2.01,88,52,8.21,SJ,1611624929
206,sitka,57.0531,-135.33,35.6,75,20,3.44,US,1611625051
207,los llanos de aridane,28.6585,-17.9182,66.2,68,90,8.05,ES,1611624980
208,sistranda,63.7256,8.834,33.8,93,40,11.5,NO,1611625052
209,svetlogorsk,52.6333,29.7333,39.63,93,100,16.35,BY,1611625052
210,khash,28.2211,61.2158,32.4,61,0,2.44,IR,1611625052
211,esperance,-33.8667,121.9,69.8,49,28,6.91,AU,1611625051
212,mar del plata,-38.0023,-57.5575,82.4,74,40,6.91,AR,1611624943
213,praya,14.9215,-23.5087,69.8,64,0,8.05,CV,1611625052
214,east london,-33.0153,27.9116,68.77,78,0,12.33,ZA,1611625052
215,qesarya,32.5189,34.9046,51.01,93,0,2.3,IL,1611625052
216,rio grande,-32.035,-52.0986,77.0,85,0,10.22,BR,1611624777
217,qaanaaq,77.484,-69.3632,6.3,65,0,6.93,GL,1611625052
218,caravelas,-17.7125,-39.2481,75.18,84,100,3.04,BR,1611625052
219,namatanai,-3.6667,152.4333,85.95,64,66,7.0,PG,1611625053
220,grao mogol,-16.5594,-42.8897,65.26,97,37,3.69,BR,1611625053
221,burnie,-41.0667,145.9167,75.0,50,0,18.99,AU,1611625014
222,guanica,17.9716,-66.908,73.0,89,0,7.0,PR,1611625053
223,lorengau,-2.0226,147.2712,85.71,63,44,8.46,PG,1611624985
224,tortoli,39.9256,9.6572,50.0,62,20,26.46,IT,1611625053
225,pangody,65.85,74.4859,-23.51,86,100,19.08,RU,1611625001
226,avera,33.194,-82.5271,68.0,77,1,6.91,US,1611625053
227,upernavik,72.7868,-56.1549,5.11,80,0,5.21,GL,1611624760
228,les cayes,18.2,-73.75,73.51,81,0,4.05,HT,1611625054
229,paveh,35.0434,46.3565,34.43,79,100,1.7,IR,1611625054
230,mailsi,29.8003,72.1758,46.8,45,0,2.08,PK,1611625054
231,nanortalik,60.1432,-45.2371,19.15,87,0,9.06,GL,1611625054
232,buala,-8.145,159.5921,86.81,62,100,10.2,SB,1611625054
233,krasnoselkup,65.7,82.4667,-34.08,81,100,13.0,RU,1611625054
234,touros,-5.1989,-35.4608,78.8,78,40,6.91,BR,1611624812
235,vallenar,-28.5708,-70.7581,63.97,63,37,2.46,CL,1611625054
236,aswan,24.0934,32.907,52.38,43,0,8.9,EG,1611625054
237,saint george,37.1041,-113.5841,36.0,93,90,5.75,US,1611624802
238,jalu,29.0331,21.5482,52.0,43,31,3.74,LY,1611625055
239,maua,-23.6678,-46.4614,69.8,94,40,10.36,BR,1611625014
240,pouebo,-20.4,164.5667,79.43,73,100,16.26,NC,1611625055
241,chengde,40.9725,117.9361,27.63,71,0,4.25,CN,1611625055
242,leningradskiy,69.3833,178.4167,-15.75,86,100,17.05,RU,1611625055
243,solikamsk,59.6196,56.7729,31.15,99,100,11.03,RU,1611624859
244,sola,-13.8833,167.55,84.2,79,90,1.14,VU,1611624949
245,darnah,32.767,22.6367,60.21,59,100,7.38,LY,1611625055
246,narsaq,60.9167,-46.05,24.8,26,62,27.63,GL,1611625055
247,halifax,44.6453,-63.5724,32.0,80,89,6.91,CA,1611624783
248,whitianga,-36.8333,175.7,82.0,65,3,8.99,NZ,1611625056
249,chadan,51.2833,91.5833,-10.88,86,100,0.51,RU,1611625056
250,lafia,8.4833,8.5167,73.56,22,58,1.99,NG,1611625056
251,sarkand,45.41,79.9186,15.48,84,100,1.61,KZ,1611625056
252,ambon,-3.6954,128.1814,86.0,74,40,11.5,ID,1611624989
253,lompoc,34.6391,-120.4579,48.2,66,20,19.57,US,1611625056
254,worland,44.0169,-107.9554,26.01,74,90,1.59,US,1611625056
255,gisborne,-38.6533,178.0042,77.0,63,3,5.23,NZ,1611625056
256,rocha,-34.4833,-54.3333,71.1,87,0,8.5,UY,1611624921
257,kruisfontein,-34.0033,24.7314,63.0,91,0,3.02,ZA,1611625057
258,tamalameque,8.8522,-73.8123,79.52,62,77,4.92,CO,1611625057
259,ekhabi,53.5102,142.9671,-14.01,86,0,8.57,RU,1611624987
260,vuktyl,63.8567,57.3094,34.27,98,100,9.73,RU,1611625057
261,kosice,48.6667,21.3333,30.99,100,75,2.3,SK,1611625057
262,bitam,2.076,11.5007,69.96,94,83,3.78,GA,1611625057
263,cherskiy,68.75,161.3,-36.54,82,63,2.86,RU,1611625057
264,yulara,-25.2406,130.9889,93.2,36,0,4.61,AU,1611625057
265,yadrin,55.9405,46.2062,28.71,98,100,10.42,RU,1611625055
266,lakes entrance,-37.8811,147.981,64.99,94,99,4.0,AU,1611625058
267,carutapera,-1.195,-46.02,76.39,90,70,4.34,BR,1611625010
268,bandarbeyla,9.4942,50.8122,73.13,69,69,19.75,SO,1611625024
269,mountrath,52.9989,-7.4728,37.0,93,100,8.99,IE,1611625058
270,kavieng,-2.5744,150.7967,84.22,70,61,5.7,PG,1611625058
271,colwyn bay,53.2948,-3.7267,37.0,83,100,5.99,GB,1611625058
272,sao lourenco do sul,-31.3653,-51.9783,77.0,85,0,7.43,BR,1611624774
273,holme,56.1138,10.1725,30.2,100,20,2.3,DK,1611625058
274,ahuimanu,21.4447,-157.8378,77.0,69,90,16.11,US,1611625058
275,porbandar,21.6422,69.6093,59.22,40,0,11.88,IN,1611625058
276,singaraja,-8.112,115.0882,84.22,62,100,2.53,ID,1611625058
277,ahipara,-35.1667,173.1667,74.59,61,33,9.75,NZ,1611625019
278,dwarka,22.2394,68.9678,65.7,42,0,12.55,IN,1611625059
279,college,64.8569,-147.8028,1.4,78,75,5.75,US,1611624982
280,sibolga,1.7427,98.7792,81.99,68,67,2.19,ID,1611625059
281,urumqi,43.801,87.6005,6.8,85,75,2.24,CN,1611625059
282,neuquen,-38.9516,-68.0591,80.6,22,0,8.05,AR,1611625059
283,pontes e lacerda,-15.2261,-59.3353,73.96,87,95,3.53,BR,1611625022
284,nisia floresta,-6.0911,-35.2086,78.8,78,40,11.5,BR,1611625059
285,kamenka,51.3223,42.7678,33.24,94,100,16.6,RU,1611625059
286,belawan,3.7755,98.6832,75.2,100,40,3.44,ID,1611625059
287,tessalit,20.1986,1.0114,61.83,22,17,9.71,ML,1611624919
288,port macquarie,-31.4333,152.9167,93.0,43,0,1.99,AU,1611625060
289,panaba,21.2833,-88.2667,73.08,88,99,7.16,MX,1611624766
290,osoyoos,49.0331,-119.4524,30.2,86,100,1.14,CA,1611625060
291,saldanha,-33.0117,17.9442,62.6,82,0,10.36,ZA,1611625060
292,methven,-43.6333,171.65,97.0,21,19,5.99,NZ,1611625060
293,airai,-8.9266,125.4092,69.39,88,93,4.5,TL,1611625060
294,puerto carreno,6.189,-67.4859,81.48,60,100,9.71,CO,1611625060
295,yarovoye,52.9273,78.58,-5.89,91,100,3.44,RU,1611625060
296,gayeri,12.6497,0.4931,69.39,20,80,9.46,BF,1611625061
297,beringovskiy,63.05,179.3167,-2.7,92,100,15.57,RU,1611624770
298,luderitz,-26.6481,15.1594,65.95,74,92,20.11,NA,1611624997
299,anju,39.6178,125.6647,35.91,90,100,1.5,KP,1611625061
300,lithakia,37.7167,20.8333,55.4,82,99,2.3,GR,1611625061
301,aksu,41.1231,80.2644,14.79,89,19,2.64,CN,1611625061
302,teya,60.3778,92.6267,-45.09,74,46,0.07,RU,1611624781
303,werda,-25.2667,23.2833,70.38,82,100,16.22,BW,1611625061
304,coquimbo,-29.9533,-71.3436,62.6,82,75,6.91,CL,1611625057
305,mayo,38.8876,-76.5119,32.0,93,90,3.44,US,1611625061
306,pakxan,18.3778,103.6601,75.02,58,79,4.18,LA,1611625061
307,dali,25.7,100.1833,48.97,54,0,2.89,CN,1611625062
308,yabrud,33.9674,36.6574,36.0,69,0,6.91,SY,1611625062
309,matara,5.9485,80.5353,71.96,84,79,8.08,LK,1611625062
310,soe,-9.8607,124.284,72.9,82,100,6.58,ID,1611625062
311,victoria,22.2855,114.1577,68.0,77,41,8.43,HK,1611625031
312,pevek,69.7008,170.3133,-28.14,85,100,5.93,RU,1611625062
313,ratnagiri,16.9833,73.3,72.5,54,0,4.56,IN,1611625062
314,sisimiut,66.9395,-53.6735,12.24,94,92,2.91,GL,1611624963
315,vestmanna,62.1564,-7.1664,28.4,80,60,10.36,FO,1611625062
316,severo-yeniseyskiy,60.3725,93.0408,-47.15,79,43,0.38,RU,1611625062
317,quatre cocos,-20.2078,57.7625,75.0,88,20,5.75,MU,1611625062
318,waipawa,-41.4122,175.5153,77.0,60,0,25.32,NZ,1611625063
319,maceio,-9.6658,-35.7353,78.8,78,20,11.5,BR,1611624988
320,turayf,31.6725,38.6637,37.4,60,0,6.91,SA,1611625063
321,sidhi,24.4167,81.8833,53.22,72,0,2.08,IN,1611625063
322,quang ngai,15.1167,108.8,72.73,78,99,5.59,VN,1611625063
323,yerbogachen,61.2767,108.0108,-39.14,81,70,2.57,RU,1611625045
324,shizuishan,39.2333,106.7694,22.46,75,0,1.23,CN,1611625063
325,redmond,47.674,-122.1215,41.0,83,2,4.03,US,1611625063
326,seoul,37.5683,126.9778,42.8,81,90,5.75,KR,1611624979
327,severo-kurilsk,50.6789,156.125,21.27,94,79,21.09,RU,1611625063
328,saint-ambroise,48.5501,-71.3324,14.0,79,100,5.75,CA,1611625063
329,saint-philippe,-21.3585,55.7679,77.0,73,0,8.05,RE,1611625064
330,kavaratti,10.5669,72.642,81.12,70,17,10.07,IN,1611624944
331,makakilo city,21.3469,-158.0858,71.6,94,90,14.99,US,1611625014
332,roald,62.5833,6.1333,33.8,93,90,8.05,NO,1611625034
333,emerald,-23.5333,148.1667,89.01,48,40,6.91,AU,1611625064
334,kodiak,57.79,-152.4072,37.4,75,75,11.5,US,1611624951
335,lebedinyy,58.5167,125.5167,-33.72,82,100,4.83,RU,1611625064
336,brainerd,46.358,-94.2008,8.6,47,20,9.22,US,1611625064
337,nakamura,32.9833,132.9333,57.87,87,100,6.51,JP,1611624906
338,ribeirao das neves,-19.7669,-44.0867,75.2,60,0,8.05,BR,1611625065
339,mandan,46.8267,-100.8896,10.4,92,90,9.22,US,1611624833
340,isangel,-19.55,169.2667,86.0,74,75,6.91,VU,1611625065
341,bitung,1.4451,125.1824,78.8,89,40,2.3,ID,1611625065
342,jumla,29.2747,82.1838,35.65,41,0,5.7,NP,1611625065
343,orocue,4.7912,-71.3354,80.11,64,34,6.42,CO,1611625065
344,fortuna,40.5982,-124.1573,42.01,93,1,3.6,US,1611625065
345,stephenville crossing,48.5,-58.4318,32.0,74,75,13.8,CA,1611624841
346,braganca,-1.0536,-46.7656,74.66,95,98,1.79,BR,1611625066
347,kraskino,42.7114,130.7794,32.61,97,100,3.13,RU,1611625066
348,fort nelson,58.8053,-122.7002,-2.2,78,75,3.44,CA,1611625066
349,marrakesh,31.6315,-8.0083,53.6,82,0,6.91,MA,1611624982
350,pangnirtung,66.1451,-65.7125,8.67,78,0,3.69,CA,1611625066
351,aljezur,37.3191,-8.8033,59.0,100,91,1.99,PT,1611625067
352,bilma,18.6853,12.9164,57.31,28,23,5.28,NE,1611625067
353,broome,42.2506,-75.833,25.0,63,1,1.45,US,1611624954
354,turukhansk,65.8167,87.9833,-42.09,78,53,7.34,RU,1611625067
355,codrington,-38.2667,141.9667,64.51,62,57,15.01,AU,1611625068
356,moron,-34.6534,-58.6198,88.0,45,0,3.0,AR,1611624790
357,eureka,40.8021,-124.1637,43.0,80,76,1.99,US,1611624802
358,bonthe,7.5264,-12.505,76.08,86,31,3.83,SL,1611625069
359,maues,-3.3836,-57.7186,75.06,96,100,1.97,BR,1611624812
360,hirado,33.3597,129.5531,51.01,93,75,14.97,JP,1611625069
361,shimoda,34.6667,138.95,53.6,66,75,14.97,JP,1611625069
362,baykit,61.67,96.37,-41.12,74,35,0.85,RU,1611625069
363,havoysund,70.9963,24.6622,19.4,79,90,12.66,NO,1611625070
364,el carmen,8.5106,-73.4478,69.01,83,100,6.08,CO,1611625070
365,port hawkesbury,45.6169,-61.3485,32.0,100,90,17.27,CA,1611624817
366,makinsk,52.6292,70.4169,15.58,97,91,8.37,KZ,1611625070
367,tilichiki,60.4667,166.1,2.95,91,98,9.93,RU,1611625070
368,razole,16.4833,81.8333,69.8,83,72,5.75,IN,1611625070
369,kyren,51.6828,102.1408,-4.52,85,100,0.87,RU,1611625070
370,santa maria,-29.6842,-53.8069,77.0,78,20,8.05,BR,1611625070
371,linxia,35.6003,103.2064,21.78,79,100,3.36,CN,1611625070
372,port said,31.2565,32.2841,55.4,82,0,4.61,EG,1611625009
373,kysyl-syr,63.8986,122.7617,-51.2,76,55,3.56,RU,1611625071
374,shaami-yurt,43.2294,45.3931,26.6,93,90,6.71,RU,1611625071
375,anadyr,64.75,177.4833,-11.2,84,90,8.95,RU,1611625071
376,shingu,33.7333,135.9833,60.8,59,75,11.5,JP,1611625005
377,aykhal,66.0,111.5,-38.78,78,33,1.32,RU,1611624928
378,yarada,17.65,83.2667,68.0,100,20,2.3,IN,1611625071
379,caluquembe,-13.7833,14.6833,61.88,52,89,4.81,AO,1611625071
380,havelock,34.8791,-76.9013,51.8,100,90,6.91,US,1611624951
381,sonoita,31.85,-112.8333,46.0,68,100,5.99,MX,1611625072
382,sao raimundo nonato,-9.0153,-42.6994,74.03,55,8,2.77,BR,1611625072
383,kajaani,64.2273,27.7285,32.0,100,90,4.61,FI,1611625072
384,lavrentiya,65.5833,-171.0,-0.56,87,100,5.32,RU,1611625072
385,korsakovo,53.2677,37.3569,29.52,97,100,18.37,RU,1611625072
386,mataram,-8.5833,116.1167,82.4,74,75,5.75,ID,1611624851
387,calabozo,8.9242,-67.4293,81.5,51,62,9.42,VE,1611625072
388,namuac,18.6109,121.1657,74.89,88,99,13.76,PH,1611625072
389,marystown,47.1666,-55.1483,30.02,96,100,5.12,CA,1611625050
390,dembi dolo,8.5333,34.8,60.01,67,34,3.62,ET,1611625072
391,richards bay,-28.783,32.0377,69.62,84,99,6.22,ZA,1611625073
392,skibbereen,51.55,-9.2667,41.0,93,75,11.5,IE,1611625073
393,kutum,14.2,24.6667,55.15,31,69,6.93,SD,1611625073
394,necochea,-38.5473,-58.7368,64.99,84,0,3.0,AR,1611625059
395,dunedin,-45.8742,170.5036,77.0,56,100,3.0,NZ,1611625073
396,perehonivka,48.5355,30.5192,35.29,84,100,20.42,UA,1611625073
397,ancud,-41.8697,-73.8203,55.0,62,0,4.61,CL,1611624923
398,ganzhou,28.8184,115.4327,51.35,59,52,2.66,CN,1611625073
399,fairview,40.8126,-73.999,35.6,44,1,4.61,US,1611625073
400,sioux lookout,50.1001,-91.917,-16.6,76,1,3.44,CA,1611624950
401,benguela,-12.5763,13.4055,77.02,72,98,3.18,AO,1611625073
402,egvekinot,66.3167,-179.1667,-11.43,88,44,7.76,RU,1611625074
403,ilulissat,69.2167,-51.1,6.8,56,0,10.36,GL,1611625046
404,walla walla,46.0646,-118.343,33.01,93,90,1.16,US,1611625014
405,pamanukan,-6.2842,107.8106,83.75,70,80,3.89,ID,1611625074
406,taltal,-25.4,-70.4833,66.27,68,0,4.59,CL,1611625074
407,sur,22.5667,59.5289,63.3,69,1,2.35,OM,1611625074
408,samarai,-10.6167,150.6667,84.72,70,61,0.65,PG,1611625074
409,aksarka,66.5606,67.7975,-16.22,88,100,7.29,RU,1611624992
410,kijang,35.2442,129.2139,44.6,87,75,10.36,KR,1611624966
411,amahai,-3.3333,128.9167,86.52,62,100,5.41,ID,1611624812
412,hovd,48.0056,91.6419,-1.12,68,100,1.14,MN,1611625075
413,dickinson,29.4608,-95.0513,71.6,46,90,8.05,US,1611625075
414,asheville,35.6009,-82.554,55.4,88,75,9.22,US,1611624834
415,tigil,57.8,158.6667,-2.11,90,100,3.09,RU,1611625075
416,viransehir,37.2353,39.7631,39.06,67,0,4.68,TR,1611625075
417,luwuk,-0.9516,122.7875,77.31,81,100,2.68,ID,1611624962
418,vestmannaeyjar,63.4427,-20.2734,33.48,90,100,36.6,IS,1611624963
419,mount isa,-20.7333,139.5,95.0,31,75,6.91,AU,1611624947
420,sorong,-0.8833,131.25,83.64,70,100,1.5,ID,1611625060
421,juegang,32.3174,121.1855,48.0,95,100,1.01,CN,1611625075
422,kodinsk,58.6881,99.1844,-40.74,79,62,1.81,RU,1611625076
423,idlib,35.9306,36.6339,33.8,100,0,2.3,SY,1611625076
424,dire,12.2833,-10.9667,67.44,22,0,1.48,ML,1611625076
425,vila velha,-20.3297,-40.2925,78.8,78,20,6.91,BR,1611625076
426,karratha,-20.7377,116.8463,95.13,20,99,10.09,AU,1611625076
427,santiago del estero,-27.7951,-64.2615,79.0,64,100,1.01,AR,1611625076
428,vincennes,48.85,2.4333,35.01,86,0,6.91,FR,1611625025
429,awka,6.2101,7.0741,74.98,81,4,3.71,NG,1611625076
430,akdepe,42.0551,59.3788,19.4,86,0,6.91,TM,1611625076
431,cockburn town,21.4612,-71.1419,75.78,80,26,22.5,TC,1611624942
432,hualmay,-11.0964,-77.6139,71.74,77,100,7.4,PE,1611625076
433,alofi,-19.0595,-169.9187,82.4,78,90,8.05,NU,1611625077
434,marang,5.2056,103.2059,75.2,88,20,3.44,MY,1611625077
435,pervomayskiy,53.2485,40.2871,30.99,85,100,16.17,RU,1611625077
436,manzhouli,49.6,117.4333,-8.09,87,99,17.43,CN,1611625077
437,marsabit,2.3284,37.9899,65.1,73,100,11.48,KE,1611624967
438,mendeleyevo,56.0333,37.2167,32.0,93,90,13.42,RU,1611625077
439,zhangjiakou,40.81,114.8794,21.97,65,0,4.14,CN,1611625077
440,agadir,30.4202,-9.5982,51.8,100,0,5.75,MA,1611625077
441,mastic beach,40.7668,-72.8521,32.0,47,1,6.91,US,1611625077
442,przasnysz,53.0191,20.8803,33.01,93,90,8.05,PL,1611625078
443,nhulunbuy,-12.2333,136.7667,82.4,83,100,10.36,AU,1611625078
444,pochutla,15.7432,-96.4661,78.8,83,40,5.75,MX,1611625078
445,bubaque,11.2833,-15.8333,78.08,75,0,9.75,GW,1611625078
446,newport,51.5877,-2.9984,35.01,95,100,8.72,GB,1611625078
447,kasongo-lunda,-6.4667,16.8167,69.04,92,92,0.94,CD,1611625078
448,gigmoto,13.7796,124.39,81.27,69,78,6.91,PH,1611625078
449,sorland,67.667,12.6934,37.35,80,90,24.11,NO,1611624993
450,tongliao,43.6125,122.2653,16.83,92,29,10.29,CN,1611625078
451,revda,56.801,59.9303,28.4,86,75,11.18,RU,1611625079
452,naifaru,5.4444,73.3657,80.67,77,100,14.76,MV,1611625079
453,gizo,-8.103,156.8419,85.69,65,100,12.21,SB,1611625079
454,le port,-20.9373,55.2919,73.4,83,0,4.61,RE,1611625079
455,dudinka,69.4058,86.1778,-33.72,80,100,16.22,RU,1611625079
456,plymouth,41.8334,-70.8328,30.0,43,1,5.91,US,1611625079
457,benjamin constant,-4.3831,-70.0311,77.0,100,20,2.3,BR,1611625079
458,hami,42.8,93.45,18.0,77,100,0.54,CN,1611625030
459,saint anthony,45.0205,-93.218,19.4,49,90,9.22,US,1611625080
460,port lincoln,-34.7333,135.8667,63.91,62,100,11.63,AU,1611625080
461,chuy,-33.6971,-53.4616,72.7,88,0,7.94,UY,1611625080
462,ascension,30.2169,-90.9001,73.4,88,90,10.36,US,1611625080
463,maarianhamina,60.0973,19.9348,33.8,93,75,6.91,AX,1611625080
464,grindavik,63.8424,-22.4338,28.4,54,90,27.63,IS,1611625080
465,ulety,51.3572,112.4849,-4.22,85,100,9.35,RU,1611625101
466,kununurra,-15.7667,128.7333,80.6,100,100,3.44,AU,1611625076
467,broken hill,-31.95,141.4333,69.8,94,90,18.41,AU,1611625102
468,sydney,-33.8679,151.2073,100.4,19,0,14.97,AU,1611624893
469,aksay,47.26,39.87,33.01,93,75,20.13,RU,1611625102
470,pafos,34.7667,32.4167,55.4,76,90,8.05,CY,1611625102
471,solnechnyy,50.7214,136.6319,-2.56,82,100,3.74,RU,1611625102
472,aklavik,68.2191,-135.0107,-7.6,77,98,3.44,CA,1611625047
473,keetmanshoop,-26.5833,18.1333,77.85,30,89,12.59,NA,1611625102
474,gunnedah,-30.9833,150.25,93.0,44,50,1.01,AU,1611625103
475,duiwelskloof,-23.6934,30.14,65.59,97,100,3.02,ZA,1611625103
476,palomares,17.15,-95.0667,76.6,66,0,13.53,MX,1611625103
477,de-kastri,51.4667,140.7833,-3.75,86,37,5.01,RU,1611625103
478,awjilah,29.1081,21.2869,53.35,41,38,4.56,LY,1611625103
479,chipinge,-20.1883,32.6236,62.37,86,100,3.11,ZW,1611625103
480,farafangana,-22.8167,47.8333,75.65,90,18,9.33,MG,1611625103
481,weihai,37.5017,122.1136,39.92,89,100,13.94,CN,1611625103
482,port hardy,50.6996,-127.4199,37.4,100,40,2.3,CA,1611625103
483,matay,28.419,30.7792,49.17,60,0,6.8,EG,1611625104
484,wuwei,37.9281,102.6414,25.05,77,21,1.99,CN,1611625104
485,namie,37.4833,141.0,48.99,80,75,2.3,JP,1611625104
486,chabahar,25.2919,60.643,62.1,54,0,4.25,IR,1611625104
487,donskoye,45.4552,41.9741,35.01,80,0,2.24,RU,1611625104
488,thatcham,51.4037,-1.2605,32.0,93,74,7.85,GB,1611625104
489,harbour breton,47.4833,-55.7983,30.04,95,94,10.65,CA,1611625104
490,imbituba,-28.24,-48.6703,75.2,88,75,11.5,BR,1611625031
491,bo rai,12.5728,102.5371,84.99,59,42,3.42,TH,1611625104
492,iqaluit,63.7506,-68.5145,0.0,85,1,4.61,CA,1611624941
493,ketchikan,55.3422,-131.6461,33.8,86,75,3.69,US,1611625105
494,dabakala,8.3667,-4.4333,71.82,25,57,1.7,CI,1611625105
495,acajutla,13.5928,-89.8275,78.37,77,0,6.38,SV,1611625105
496,rock sound,24.9,-76.2,74.93,81,100,20.96,BS,1611625105
497,kloulklubed,7.0419,134.2556,86.0,70,75,14.97,PW,1611625105
498,upata,8.0086,-62.3989,77.0,79,100,4.0,VE,1611625105
499,ballina,-28.8667,153.5667,86.0,61,0,16.11,AU,1611625105
500,mamurras,41.5775,19.6922,50.0,87,90,12.66,AL,1611625105
501,champerico,14.3,-91.9167,84.2,70,20,9.22,GT,1611625105
502,kosh-agach,50.0,88.6667,-19.57,82,100,0.72,RU,1611625105
503,dong hoi,17.4833,106.6,71.31,84,65,7.58,VN,1611625106
504,manavalakurichi,8.1333,77.3,73.4,88,20,7.87,IN,1611625072
505,hervey bay,-25.2986,152.8535,87.01,48,40,9.22,AU,1611625106
506,tukrah,32.5341,20.5791,58.08,80,96,9.8,LY,1611625106
507,keffi,8.8486,7.8736,72.64,21,54,3.33,NG,1611625106
508,chara,56.9064,118.2631,-17.0,84,100,3.76,RU,1611625106
509,vostok,46.4856,135.8833,17.24,96,100,5.73,RU,1611625106
510,bud,39.447,-86.1758,33.01,98,100,11.59,US,1611625107
511,tommot,58.9564,126.2925,-31.5,79,100,3.29,RU,1611625107
512,weyburn,49.6668,-103.8511,-13.0,77,97,9.22,CA,1611625052
513,sebinkarahisar,40.2883,38.4236,21.79,86,80,3.85,TR,1611624846
514,viesite,56.3475,25.5551,32.16,99,100,7.96,LV,1611625107
515,verkhnyaya inta,65.9811,60.3094,10.72,96,100,10.69,RU,1611625107
516,kano,12.0001,8.5167,67.24,21,25,8.88,NG,1611625107
517,suicheng,33.8963,117.9331,45.32,89,100,6.96,CN,1611625107
518,marzuq,14.4,46.4667,51.26,39,50,2.24,YE,1611625004
519,susanville,40.4163,-120.653,32.0,59,90,4.61,US,1611624903
520,asfi,32.2994,-9.2372,57.99,78,0,13.8,MA,1611624998
521,nalut,30.3333,10.85,54.77,41,76,7.05,LY,1611624981
522,yar-sale,66.8333,70.8333,-18.42,87,100,10.92,RU,1611624984
523,tartus,34.889,35.8866,48.0,61,0,2.3,SY,1611625108
524,gerede,40.8008,32.1969,34.52,93,99,9.69,TR,1611625108
525,bullhead city,35.1478,-114.5683,48.99,53,75,18.41,US,1611625108
526,smithers,54.7804,-127.1743,21.2,86,90,0.94,CA,1611625108
527,ngunguru,-35.6167,174.5,73.94,68,3,2.77,NZ,1611625108
528,banda aceh,5.5577,95.3222,80.56,74,58,10.25,ID,1611625005
529,camacha,33.0833,-16.3333,59.0,94,20,1.5,PT,1611625082
530,faya,18.3851,42.4509,53.6,58,0,0.6,SA,1611625109
531,bandar-e anzali,37.4727,49.4622,45.27,75,0,2.66,IR,1611625109
532,yanam,16.7333,82.2167,69.8,83,52,5.75,IN,1611625109
533,kamina,-8.7386,24.9906,60.33,99,100,0.18,CD,1611625109
534,fairbanks,64.8378,-147.7164,1.4,85,40,2.28,US,1611624902
535,bundibugyo,0.7414,30.0417,68.25,82,87,3.53,UG,1611625109
536,derzhavinsk,51.1,66.3167,24.46,98,100,10.71,KZ,1611625109
537,council bluffs,41.2619,-95.8608,24.8,86,90,12.66,US,1611624850
538,sept-iles,50.2001,-66.3821,34.0,60,100,9.22,CA,1611625023
539,tallahassee,30.4383,-84.2807,66.99,88,90,9.22,US,1611624916
